ProjectName,Category,Original Results,Prediction
Dead Upon Us,Video Games,0,0
Crypto Rampage - The Bitcoin & Cryptocurrency Boardgame,Tabletop Games,0,0
Bad People - The Party Game: 'RED' Expansion Pack,Tabletop Games,1,1
Pelegian Sapper - Sci-fi rat trooper,Tabletop Games,1,1
Rocking Monsters: Amazing Wooden 'Horses' For Amazing Kids,Games,1,1
Richard Borg's The Great War: French Army expansion,Tabletop Games,1,1
Elven Lords Revisited: a Make 100 Solo Adventure,Tabletop Games,1,1
App that blocks collection agencies and telemarketers,Apps,0,0
MEHAB - Healthcare Reimagined,Apps,0,0
BAD Tech & Gaming,Technology,0,0
The HOUR,Video Games,0,0
PIRAX Â® GeomÃ©tric Modular Game 3D MagnÃ©tic Joe Rerick Â®,Tabletop Games,0,0
BUFFALO BUFFALO Magnetic Poetry Set,Games,1,1
The Border Wall game,Tabletop Games,0,0
Travel around Japan and learn Japanese,Video Games,0,0
Do Not Die,Tabletop Games,0,0
Potlatch: A Card Game About Coast Salish Economics,Tabletop Games,1,1
3D + VR space flight simulator / 3D+VRå®‡å®™ãƒ•ãƒ©ã‚¤ãƒˆã‚·ãƒŸãƒ¥ãƒ¬ãƒ¼ã‚¿ãƒ¼,Video Games,0,0
Bicycle Limited Edition CPC 100th Deck Design,Playing Cards,1,1
NuÃ†ther - Mechanix Mutations & Magic,Tabletop Games,1,1
Army of Sloths,Tabletop Games,0,0
Super Wireless Charging Station,Gadgets,0,0
The British Gothic Tarot,Playing Cards,1,1
The Dansk Radiogram,Sound,0,0
Bombs Away,Tabletop Games,1,1
Utility app for Uber and Lyft drivers,Apps,0,0
Lake of Voices: Horror Visual Novel,Video Games,1,1
Cycling straps to carry booze by bicycle *SHIPS FOR XMAS*,Technology,1,1
Pedal Whip Multitool,Hardware,0,0
Abyqus,Apps,0,0
"Videojuego Survival Zombie FPS \""atres pasos\""",Video Games,0,0
Easy Pour for plants or trees!,Technology,0,0
Bicycle MARBLE RIDER BACK Playing Cards by Max,Playing Cards,0,0
Perceptions of the Dead 2,Video Games,1,1
THE SINK GENIE,Technology,0,0
Creatures of Cthulhu The Card Game !,Games,0,0
New Babylonian Tarot Deck Cards,Playing Cards,1,1
Escape History (Temporary),Video Games,0,0
Multiverse: Cosmic Conquest - Sci-fi Strategy Card Game,Video Games,0,0
all new-WONDERLAND LOST PLAYING CARDS-150 DECK LIMIT,Playing Cards,1,1
Beyond Earth Game - Level 6 on iPhone,Mobile Games,0,0
Dark Remnant - Injustice,Video Games,0,0
SamePicks,Software,0,0
Ascendant Destiny - A flexible tabletop fantasy RPG,Tabletop Games,1,1
PLAYING HOUSE 2: Enhanced Reality 3D Coloring Book,Games,1,1
Cabinet Collapse,Tabletop Games,0,0
Bicycle Neon Card - Save the night of old Hong Kong,Playing Cards,1,1
Handyman On Demand,Apps,0,0
Teddy And Bo: A fun new 3D Platformer,Video Games,0,0
DragonHyde - Leather Spellbooks,Tabletop Games,1,1
Casagram - your new social network,Apps,0,0
Axolote Tiles: Adventures in Uxeden,Tabletop Games,1,1
Icebergs,Video Games,1,1
Social Sports System,Apps,0,0
Walt Jones: Scavenger Hunt/Dizney Guide,Puzzles,1,1
"Bit holder 1/4 \""with magazine attachment for magnetic screws",Fabrication Tools,0,0
Reader's Tarot Deck,Playing Cards,1,1
Wekey Pocket 2: World's THINNEST LIGHTEST Bluetooth Keyboard,Hardware,1,1
Picture Spell & Chase the Shape (gameshelpteach.com),Playing Cards,0,0
Financial AI,Software,0,0
PIECE: The Online Graffiti Gallery,Apps,0,0
Pizza Card Game,Tabletop Games,0,0
CARDISTRY NINJAS - KIWI - LIMITED EDITION PLAYING CARDS,Playing Cards,1,1
The ArmBAND Musical Instrument,Wearables,0,0
Ducks Lost in the Dungeons of Doom IV: Quack Keep,Tabletop Games,1,1
The Arcane Eye,Tabletop Games,0,0
FingerPow - One snap to charge your phone,Gadgets,1,1
Gentes - Deluxifiedâ„¢ Edition,Tabletop Games,1,1
STREETBADGE,Web,0,0
AceHole: The customizable card drinking game,Tabletop Games,0,0
Shake for Booty,Tabletop Games,0,0
Time Portal,Tabletop Games,0,0
Cultivating the Baltimore Killer Queen Arcade Game Community,Video Games,1,1
Lichtenberg Burning Machine Prototype Development,Fabrication Tools,0,0
Hometrap - the plug and play escape game for your home,Tabletop Games,0,0
Keys To The Capitals - A Best Selling Educational Board Game,Tabletop Games,0,0
Movie4Cast.com Movie Badges: IMDB 2.0,Web,0,0
Xenomorphs: The Fall of Somerset Landing Tabletop RPG,Tabletop Games,1,1
Yonder Dynamics: UC San Diego Student-Built Mars Rover,Space Exploration,1,1
Thundorn's- The City,Games,0,0
HAZY DAYZ,Mobile Games,0,0
QED - Quod Erat Disputandum,Tabletop Games,0,0
Animator vs Animation The Official Card Game,Tabletop Games,1,1
Monster Bicycle Playing Cards Poker Size Deck Custom Limited,Playing Cards,1,1
Daily Vibes,Software,1,0
TinkerTurf - Full Color Wargaming Terrain,Tabletop Games,1,1
Orphan Earth,Video Games,0,0
Molly [The Troubled Teen Drug Choice Game],Video Games,0,0
Balling Anywhere: A Fascinating Anywhere Bowling Game,Tabletop Games,0,0
CrowdeNav Mobile App By Gusgraph Technology,Apps,0,0
Twisted Christmas: Summoning the Krampus!,Tabletop Games,1,1
Creatures of the Night: Wrath of Cichol,Tabletop Games,1,1
CHICAGO Metricsâ„¢,Software,1,0
Don't Get Caught with the CHEESE,Games,0,0
Galencia Khaos Sphere (C64),Video Games,1,1
Pointâ€”the Friendly Home Alarm,Hardware,1,1
Football Hero - Soccer Manager Game Online,Live Games,0,0
Find Me Game,Video Games,0,0
Objectum-Sexual (working): An Object-Based Dating Simulator,Video Games,0,0
Chemino: Share your career or business pathway,Web,0,0
Side Effects,Tabletop Games,1,1
Black Book,Apps,0,0
Famous Movie Lines,Tabletop Games,0,0
SPMOOKIE - The Game of Contractual Obligations,Playing Cards,0,0
Naval Secrets of Wargame Design,Tabletop Games,1,1
Building a Solid Web Apps the Functional CSS Way,Software,0,0
The Planets VR - Exoplanets,Space Exploration,0,0
Anthem One: LED Lighting For Film Photography & Much More!,Camera Equipment,0,0
Descent Into Darkness - Rogue-Like FPS RPG,Video Games,0,0
DragonForce Ninjas. Fitness for kids! Adventure based RPG,Video Games,0,0
Tactical Intervention Reloaded,Video Games,0,0
Demons: The 9th Circle of Hell UNLEASHED!!! - Commissions,Tabletop Games,1,1
"\""MIRROR\"" by Dark Realities",Live Games,0,0
DivorceCourse for Men,Web,0,0
SUET the Card Game - Evil Geniuses & Dastardly Devices,Tabletop Games,1,1
Mouse Hunt Cat Toy,Games,0,0
TIMED: not just an Augmented Reality game,Mobile Games,0,0
Stripop - Splits Bandages Open,Gadgets,1,1
"The \""how to have a better relationship\""",Apps,0,0
College Days,Video Games,0,0
SAVE Playing Cards Printed By USPCC,Playing Cards,1,1
Fate of the Cowries,Tabletop Games,0,0
Dice Wars: Co-op Tactics Board Game with 28 Jumbo Unit Dice,Tabletop Games,1,1
LIVION,Wearables,0,1
CamBlinds - Sliding camera cover for your laptop/tablet,Gadgets,0,0
100-year War: Russia vs World. Spy Game based on real events,Games,0,0
FamPlan Phase II... Confront the Connection Crisis,Apps,0,0
Folklore: The Affliction (2nd Printing),Tabletop Games,1,1
"\""LOVE\"" Cards",Playing Cards,1,1
Piramida Playing Cards (With Built in Marking System),Playing Cards,1,1
The Floor is Lava Board Game,Tabletop Games,1,1
Project Veritex,Video Games,0,0
Escape Zone 360 - Escape Room Startup!,Live Games,0,0
GEORGE BUTLER - Useful infos as a glance,Apps,0,0
Gem Expedition,Tabletop Games,0,0
CALLIGURT - Cool Innovation for Laptop Sport &Travel Bags,Technology,1,1
Data VertexÂ®: The World's First Data ATM for Blockchain & AI,Apps,0,0
Vert Pong - Pong on Steroids AND Party Pong for UNDER 21!,Tabletop Games,0,0
SheHacks Boston (NJ to Boston bus),Technology,1,0
Paintball Leaders,Video Games,0,0
Dunpets Colors - Dungeon Crawl & Pets,Video Games,0,0
14 x 24 Space Themed Game Mat for any Card or Board Game,Tabletop Games,1,1
Notice Me Senpai! A Game of Love Sushi and Giant Robots!,Tabletop Games,0,0
Cyneric's Call RPG Core Rulebook,Tabletop Games,1,1
Stock Architectural Blueprints,Web,0,0
Project Green,Video Games,0,0
Epistime - The World From Another Point of View,Software,0,0
Xeebot Home Security System,Technology,0,0
Dragon Canyon,Tabletop Games,1,1
BlitzWolf BW-AS1:More Than Just A SpeakerIt's An Artwork,Sound,1,1
The Goblin Sorcerer - Miniature Paper Model for tabletop RPG,Games,1,1
Graffiti Gripâ„¢ Interactive display handle for your tumbler.,Gadgets,0,0
Phasmophobia Game Series,Video Games,0,0
FunkyFloss - Gentle on Gums & Fun to Use!,Technology,0,0
Piumanera R1 - Carbon fork for Brompton Bicycle,Technology,0,0
Reusable Model Rocket Engines,Flight,0,0
Boards & Brews - New Hampshire's First Board Game Cafe,Tabletop Games,1,1
Bicycle Four Seasons Limited Edition (Summer) Playing Cards,Playing Cards,1,1
World Ocean Explorer,Video Games,0,0
Loot Trap,Tabletop Games,0,0
NSFW The Game!,Video Games,0,0
Super Dice Set!,Tabletop Games,1,1
Extend-D - Worlds First Modular Power Cable!,Technology,0,0
KITTY QUEST - Classic board game without the Board,Games,0,0
Tri-p tacos eater: a game for android devices,Games,0,0
PixelJunkâ„¢ Monsters Duo Mobile Game,Mobile Games,0,0
OUTLAW Playing Cards,Playing Cards,1,1
"Mobile Video Game \"" 11 Football Stars \"" sportentertainment",Mobile Games,0,0
"Revolutionary At Home \""Hotel Experience\"" Cleaning App",Apps,0,0
'My Imagination' Build Your Own Junior Card Game,Tabletop Games,0,0
A navigable multi-functional IoT Button (See new video),Gadgets,0,0
Oris Playing Cards Limited Edition,Playing Cards,1,1
Mediator in an Abstract World (working title),Video Games,0,0
We will create our own ISP! With Blackjack and Freedom!,Web,0,0
SLASHRUN - Cyberpunk runner with swipe blade action,Video Games,1,1
The Parallel World - THE ANT,Video Games,0,0
"\""Night Life\"" - For your perfect night out.",Apps,0,0
A New Zealand Adventure Game - A Unique Experience,Video Games,0,0
BlenderArtists 2.0: Weâ€™re Moving to Discourse!,Technology,1,1
BetYa Sports,Live Games,0,0
NumRush - The Thrilling Math Racing Game from Vietnam,Tabletop Games,0,0
Divide & Conquer Online,Video Games,0,0
FUNDED!: Henchman: The Game,Tabletop Games,1,1
School & Nursery Drone Protection & Deterent Software,Software,0,0
ecoalert app,Apps,0,0
Drones and dragons: tech for assessing wetland health,Technology,0,0
Lords Of Arendye,Video Games,0,0
Interactive Garageâ„¢ JeepÂ® Wrangler JL Configurator,Technology,0,0
Meteor Online The Ultimate PvP Experience,Video Games,0,0
Devil's Markings,Games,0,0
Misting Water Bottle CAPS,Gadgets,0,0
AutoLiv - A hassle-free indoor farming solution,Technology,0,0
Escape From Dead Planets - Mobile Casual Game,Mobile Games,0,0
Multirotor: A 80's style tabletop arcade game,Video Games,0,0
Dice Dungeons â€” Instant Encounters for DND Pathfinder RPGs,Tabletop Games,1,1
Powerstrip: The age of modular tech has arrived,Technology,1,1
Plusboard | An A+ prototyping experience for makers,DIY Electronics,0,0
Hack Attack!!!! Footbag scoring system game,Live Games,0,0
Bharata Tarot - Major Arcana,Playing Cards,1,1
Wizards and Warzones Trading Card Game,Playing Cards,0,0
Opendo-Garage door controller,Technology,0,0
AQUARIS,Video Games,0,0
RePLAy 3D Filament and Recycling Program Pre-Sale!,3D Printing,1,1
Synth-a-Seesia,Sound,0,0
Napoleonic Wars Video Game,Video Games,0,0
StealthRT: App Controlled Wireless Follow Focus and Zoom,Camera Equipment,0,0
MiSun: Lighting for a Sustainable Future,Gadgets,0,0
Peace of Mind,Web,0,0
LagomMind,Apps,0,0
Fast and Genius Flashcard Game,Tabletop Games,0,0
Mind For Me - Helping Everyone Help Each Other,Apps,0,0
NerdCollect,Apps,0,0
John Carter of Mars - The Roleplaying Game,Tabletop Games,1,1
SiÃ©ntete seguro siÃ©ntete SOAPP (aplicaciÃ³n mÃ³vil),Apps,0,0
Rabbit Trails - The Play on Words Game,Playing Cards,1,1
2D Sandbox - Controversial Game,Video Games,0,0
AJ Play,Live Games,0,0
OnCast,Apps,0,0
Alpaca Balloonza,Video Games,0,0
Oblivious,Tabletop Games,0,0
Let's Play Together: Arcade Brought to the 21st Century,Technology,0,0
EventWide - Reinventing the event industry & ending boredom,Apps,0,0
Isthmus - Action RPG (Artistic & Conceptual Foundations P1),Video Games,0,0
Midnight Sun XII - University of Waterloo Solar Car,Technology,1,1
Bicycle Limited Edition Verde Playing Cards,Playing Cards,0,0
The White Ship Campaign Companion Set,Tabletop Games,1,1
Halfling Skeleton Cavalry,Tabletop Games,1,1
iGesty,Apps,0,0
Gone... In 61 Seconds,Tabletop Games,1,1
Whilom Lond: Pocket Battles,Video Games,0,0
This is Lauva one of the most beautiful E-Bikes to date!,Hardware,1,0
Dimgaard Vol. XXIV - 5e DnD Adventures,Tabletop Games,1,1
Championship Baseball 1979 dice/card Game,Tabletop Games,1,1
Prehistoric Kingdom,Video Games,1,1
Big Five - A mobile app for teachers to track behavior,Technology,0,0
The Padre - A 3D Horror Adventure Voxelized,Video Games,0,0
Retro Hacker,Video Games,0,0
Neutrino 3.0: The 32-bit Arduino Zero compatible!,DIY Electronics,1,1
WHO HAS? - A party game of shameless self-revelation.,Tabletop Games,1,1
RepliCade: Mini Tempest Arcade Machine Replica 12â€ Tall,Games,1,1
Core Space,Tabletop Games,1,1
A Multimeter Oscilloscope & Logger that Fits in Your Pocket,DIY Electronics,1,1
Mic/Pre Update for Art + Music + Technology,Sound,1,1
Coding-Block! COBL Learn and Make Whatever You Want,Hardware,1,1
Act of Treason,Tabletop Games,0,0
MagLev Toy Train & Rails,Gadgets,0,0
OmniJoy,DIY Electronics,0,0
TOR - Tales of Resurrection,Tabletop Games,0,0
Forge 1 the fullscaleprofessional sla-lcd 3D printer,3D Printing,0,0
Guidehelp - Smart AI Solutions,Apps,0,0
Creating a coffee revolution a coffee virtual assistant.,Technology,0,0
Cthulhu Soundscapes: Sounds of Madness Vol 1&2,Tabletop Games,1,1
MusynX â€¢ A New Way Of Music-Making,Software,0,0
Urbanrake - Build the Next-Gen of Cities,Technology,0,0
LEDpedal expression & volume pedals and optional LED display,Sound,0,0
VaultRaiders: The Relics of Matmurah,Video Games,0,0
3D Printable Dubrovnik Style Chess Set,3D Printing,1,1
The FOCUS BALL,Gadgets,0,0
DEMONOLOGIE Playing Cards,Playing Cards,1,1
Idiot Cards - The Fake Presidential Edition,Playing Cards,0,0
Dungeon Delve #1: Tower of the Black Sorcerers,Tabletop Games,1,1
LOL! FrÃ¥gespelet med nÃ¶rdiga och kul frÃ¥gor!,Playing Cards,0,0
Tabletop Wargame Painting,Tabletop Games,0,0
Auditions,Tabletop Games,0,0
Involved: Travelerâ€™s app,Apps,0,0
PONG 3.0 - The Lower East Side Ping Pong Club,0,1,1
Quantum Quest - Fantasy Dungeon Dive with Roguelike Elements,Tabletop Games,0,0
MYPIN: Great Audio for Great Video,Camera Equipment,1,1
Horror Comic Tarot Cards,Playing Cards,1,1
Epic Legacy Core Rulebook - 5th Edition Beyond 20th Level,Tabletop Games,1,1
#PapierMachine Vol.0: the interactive electronic paper toy,Technology,1,1
Juice Infinity - World's First Ski/Snowboard Wax Replacement,Technology,0,0
Pip dice (CNC pattern),Tabletop Games,1,1
Undercover Real Game,Live Games,0,0
CALLIGURT Design - Gadget for Laptop Sport &Travel Bag,Gadgets,0,0
BLACK Poker Playing Cards,Playing Cards,0,0
Make It Physical For Grisaia: Phantom Trigger Vol.4,Video Games,1,1
Art of Cardistry Playing Cards Printed By USPCC,Playing Cards,1,1
Mchumba for Kids - Lose yourself in Imagination.,Games,0,0
Summit of Legends needs a Home!,Live Games,0,0
GENERICS: Premium Custom-Made Earphones,Sound,1,1
Tally-Ho No.9 Horse Back Restoration,Playing Cards,0,0
Notify - Revision and Learning App,Apps,0,0
Cocktails & Co.,Technology,0,0
Welcome to Dimension X! Your new gaming Evolution!,Games,0,0
Sumi Coin Series from Sumi Playing Cards Project,Playing Cards,1,1
make/100 - MÃªlÃ©e the Medieval Combat Card Game,Playing Cards,1,1
StitchKit - The Fashion Technology Kit for Everyone,Wearables,1,1
The Arduino Compatible RFID Reader Module With EEPROM,DIY Electronics,1,1
Inter-College Bus Company,Technology,0,0
Shady Mechanic,Video Games,0,0
Kit-A-Month soldering subscription with Raspberry Pi option,DIY Electronics,1,1
Resurrection of the Night: Alucard's Elegy,Video Games,1,1
Sky Relics Fleet Core,Tabletop Games,1,1
Shoudo: The Scorched Earth Game,Tabletop Games,1,1
Cynical 7 - The Misadventures of Tris,Video Games,0,0
YaoiQuest: A Gay Visual Novel Adventure!,Video Games,0,0
Draft City: A strategic drafting game unlike any other.,Tabletop Games,0,0
A â€˜Bubbleâ€™ experience,Apps,0,0
Dringa Games,Tabletop Games,0,0
Crypt DugOut Fantasy Football Undead / Necromancer Display,Tabletop Games,1,1
The Master Teachers' Collective,Web,1,1
ValleyVolley Cards: grab disruption by the deck,Playing Cards,1,1
TREK CHESS â€“ Play Anywhere.,Playing Cards,0,0
Global Housing Project via User Account website,Technology,0,0
Goblin Tower - Print and Play,Tabletop Games,1,1
DoomsDay Imaging,Technology,0,0
Pigmento - Natural Dyes,Technology,0,0
Discover If..You Are on Santa's Naughty or Nice List,Playing Cards,0,0
Daily Fantasy Sports | Sports Analytics Platform | DFS,Web,0,0
TalentToy Charlie,Robots,0,0
265 BCE - Conquer the World,Tabletop Games,0,0
Life - Personal Network,Web,0,0
Bicycle Gladiator Playing Cards,Playing Cards,0,0
PixLe Bug Playing cards,Playing Cards,0,0
All for One: Regime Diabolique 2nd Edition (Savage Worlds),Tabletop Games,1,1
Hobo Coins - Series II,Games,1,1
Inexplicable Deaths in Damipolis: Inner Thoughts,Video Games,1,1
Foreplay: An Erotic Storytelling Game,Tabletop Games,1,1
ITALJET Motoleggera,Hardware,0,0
Loot N Shoot,Tabletop Games,0,0
Chain Breaker â€“ RPG Dice,Tabletop Games,0,0
Graded10!,Apps,0,0
Broken Reality,Video Games,1,1
Heart's Bounty,Web,0,0
Betterâ€™n Your Momâ€™s Wireless Stereo Guitar Speaker & Display,Sound,0,0
ROBLOX: A Game Development,Video Games,0,0
Manual of Mythology Fae Deities & Shamanism - d20 RPGs,Tabletop Games,1,1
FLEXPAND POWER,Technology,0,0
Harwood Hobbies Presents The Devolved - 28mm Miniatures,Tabletop Games,0,0
Wallet - For all table top games,Mobile Games,0,0
MasterSweets: The Card Game,Tabletop Games,1,1
The Mantaray,Hardware,0,0
Share My Woodle Share The World,Web,0,0
SoccAR - Soccer in Augmented Reality (AR),Mobile Games,0,0
Boards and Swords Gaming Venue,Tabletop Games,1,1
Darwinning!,Tabletop Games,0,0
Traffic Planner,Video Games,0,0
Bad Guy Brawl,Video Games,0,0
Koss Expansion - for all tabletop games,Tabletop Games,0,0
PerfectCombination: Help Us Turn The Dating World Around!,Web,0,0
Warpgate,Tabletop Games,1,1
Museum Rush,Tabletop Games,1,1
So Unicorn,Video Games,0,0
The World's First Affordable Car Seat Carrying Stroller!,Gadgets,0,0
XoGo Game Lounge Startup,Video Games,0,0
Reportlab: PDF Processing with Python,Software,1,1
Fly Casual - Magnetized Tray for X-Wing,Tabletop Games,1,1
Constant Rich an online financial and business platform,Web,0,0
The Darkness Comes,Tabletop Games,1,1
Elegance BicycleÂ® Limited Edition Playing Cards Decks,Playing Cards,0,0
Stygian - Dimension hop in VR,Video Games,0,0
Creators INC | Makerspace & Co-Work,Fabrication Tools,0,0
Therapy Fit - The Ultimate 4-in-1 Foot & Calf Massager,Gadgets,0,0
day 1 - project Charlotte aka Brontosaurus for sale,Tabletop Games,0,0
KELEtv,Web,0,0
iotty Smart Light Switch Pro- Beautiful & Modern Smart Tech,Technology,0,0
Escape room filling,Apps,0,0
Xuite.org,Software,0,0
Consensus: The Card Game,Playing Cards,0,0
Exclusive FUZZ-TRACKER for 1000-Year Beard: The Card Game!,Tabletop Games,1,1
Twenty Six (26),Playing Cards,1,1
Synthesizer HANSY1010,Sound,1,1
Deadly Concoctions,Tabletop Games,1,0
Mobile.Survival.Horror.Game.by.NaticaTech,Mobile Games,0,0
New and innovative darkrp experience,Video Games,0,0
Basic Hovels and Humans. A Fantasy OSR Tabletop Game,Tabletop Games,0,0
The Ultimate Intimacy App,Games,0,0
Feuds Medieval deck building game,Playing Cards,0,0
General Staff Game of Military Tactics & Wargaming System,Video Games,1,1
JuiceBox Zero: Easiest way to power a Pi Zero with a battery,DIY Electronics,1,1
Hives & Honeycombs - The board game,Tabletop Games,0,0
Organize your event in 3D,Apps,0,0
FitNeck Pro: Fix Your Neck Pain and Posture,Technology,1,1
Christmas Tree: The Decorating,Tabletop Games,1,1
"New and Inspiring 16\"" diameter Celestial Sphere",Technology,0,0
Show & Tile - a creative party game,Tabletop Games,1,1
Lucky's Misadventures - Episode 42: Lost in Oddtopia,Tabletop Games,1,1
FretMapper: Instantly Find Guitar Scales and Notes,Sound,0,0
Mycroft Mark II: The Open Voice Assistant,Hardware,1,1
Connector,Apps,0,0
A new web video concept: telegraph21.,0,1,1
Halberd â€“ GateKeeperâ€™s NextGen Proximity-Based Computer Key,Gadgets,1,1
Trade Tracker,Apps,0,0
Mutiverse defender,Video Games,0,0
Console/GUI Ether Bridge Serial UART/RS485/I2C/CAN/ADC/DAC,Hardware,0,0
Peterborough Gaming Club. Keeping kids safe online,Video Games,0,0
The Dice Tower - 2018,Tabletop Games,1,1
Biodegradable Toys From Poultry Feathers,Technology,0,0
Magic: the Gathering Laser-Engraved Wooden Tokens,Playing Cards,0,0
LIVING PLANET by Christophe Boelinger,Tabletop Games,1,1
Starlit Paths Paradise (Visual Novel),Video Games,0,0
Dragon Watcher: The Card Game,Tabletop Games,1,1
Off the Beaten Path Desert Excursions,Tabletop Games,1,1
Shifting Realms,Tabletop Games,1,1
Super PACS: The Game of Politics 2017 Expansion Set,Tabletop Games,1,1
Movable Type: Second Edition,Tabletop Games,1,1
Streamlette: The Streaming Platform Indie Film Deserves,Web,0,0
Project Sherpa,Apps,0,0
The Dino Run 2 Exploratory Campaign,Video Games,1,1
GeX - Centralised Gaming Platform,Games,0,0
Metal Gaming Coins: The Fantasy Series by D20 Collective,Tabletop Games,1,1
Legends of Enchantment,Video Games,0,0
Van Bolten Mystical Creatures | Art Playing Cards,Playing Cards,0,0
Icons for your iPhone apps,0,1,1
Evil High Priest,Tabletop Games,1,1
Warriors,Tabletop Games,0,0
Dichotomy Keyboard and Mouse,Hardware,0,0
A weekend maker space for kids and teenagers. WeMake!,Makerspaces,0,0
P^th Algorithm to Free Net,Technology,0,0
How to Become a Google Certified Data Engineer,Technology,0,0
TORCHCITY: The Only All-in-One Bulb Smart Home Security Kit,Gadgets,0,0
git orchestrator,Software,0,0
Knights Bicycle Playing Cards Poker Size Deck Custom Limited,Playing Cards,1,1
It's You: A Breakup Story,Video Games,1,1
The Ultimate RPG,Video Games,0,0
The Stormheart Expanse,Tabletop Games,0,0
VideoQuest,Web,0,0
Spinnortality: a cyberpunk management game,Video Games,1,1
Promates - Delivery On-Demand for the California High Desert,Apps,0,0
LuminAID Smart Solar Garden: Wireless Outdoor Illumination,Gadgets,1,1
Children's PlayPack,Apps,0,0
Mini D20 DIce Earrings In Christmas & Hanukkah Colors!,Tabletop Games,1,1
Better mood Better posture. Ken Headphones.,Technology,0,0
Build a mini Udemy with Laravel and Vuejs,Web,0,0
High Strangeness: A 12 bit action / adventure video game.,0,1,1
Memes Against Humanity,Playing Cards,0,0
Fidelio,Apps,0,0
Interdimensional Creatures Vol.1 - Resin miniatures,Tabletop Games,1,1
PilaFoot,Technology,0,0
Nimbatus - The Space Drone Constructor,Video Games,1,1
WarLayer 3D Printable Terrain: Orbital Drop,Tabletop Games,1,1
Breeze Flameâ„¢ 2.0: Adds Inductive Charging System,Gadgets,0,0
Digital Dungeon Bytz: Tiles for RPG,Tabletop Games,1,1
Nights of Murder: A Random Murder Mystery Party Generator,Live Games,0,0
BoxThrone - The Modular Board Game Shelving System,Tabletop Games,1,1
ChatterBox,Sound,0,0
Exeter LARP & Cosplay store!,Live Games,0,0
Build&Destroy,Video Games,0,0
Strike fit online - your online kickboxing gym,Web,1,1
Display application for metal detector,Apps,0,0
Ironclad: Story driven space opera cooperative board game,Tabletop Games,1,1
Companee - Let's make business easier!,Web,0,0
Wizard Spinner,Games,0,0
Tome of Horrors: Reborn for Fifth Edition,Tabletop Games,1,1
Online SEO Course for Startups,Web,0,0
Be Back Soon!,Video Games,0,0
AXIL GhostStryke Bluetooth All-In-1 Hearing Audio & Ear Pro,Wearables,1,1
Kiss Me Playing Cards Printed By USPCC,Playing Cards,0,0
High Caliber Community (HC2);a place for veteran networking,Web,0,0
Portals and Prophets - the historical time travel game,Tabletop Games,1,1
ANCIENT EGYPT - ART PLAYING CARDS,Playing Cards,1,1
FabricaciÃ³n de Cortadoras grandes de Granito MÃ¡rmol y Cuarzo,Fabrication Tools,0,0
BinarCards the new card system for all,Games,0,0
Miniature Painting tools - Resin cast or 3D STL files,Tabletop Games,1,1
Crusade of Two Suns,Tabletop Games,0,0
Mazey a Robotics STEAM Technology and Curriculum Solution,Robots,0,0
AVARIAvs - The First Competitive PvP JRPG-style Video Game,Video Games,1,1
Raging Ruckus,Tabletop Games,0,0
Medakor - The Battling Gyroscopes Game,Tabletop Games,0,0
Ergastulum - Where Asian and Western horror blends together,Video Games,0,0
Hey There Foodie!,Tabletop Games,0,0
SAVAGE ORCS TEAM FOR FANTASY FOOTBALL BY PUNGA MINIATURES,Tabletop Games,1,1
Spaceship Maps,Tabletop Games,1,1
Hot Drone,Flight,0,0
Radishine: Wireless Smart Heated Comforter for Restful Sleep,Technology,1,1
Sumi Playing Cards,Playing Cards,1,1
CAMARADA: The First True 3D Camera App,Apps,1,1
Lycans vs Vampires - The Full Fantasy Backgammon Collection,Tabletop Games,1,1
Aloha: Smart synchronized light shows made accessible,Hardware,0,0
4Paws: Anti-Jumping and Counter Surfing Dog Training Collar,Gadgets,0,0
Lower Back Pain Relief - BodyBloks!,Gadgets,0,0
Ghouls Underground for PC and the NES!,Video Games,1,1
REMOTEWARE - PC remote connection(Control Remoto Windows),Software,0,0
CATOLET,Technology,1,1
The Onus Helm,Video Games,0,0
WildCoin - A Cryptocurrency for Wildlife Conservation,Software,0,0
Pando,Tabletop Games,1,1
Black Matter A Spaceship-MMORPG Company Game,Video Games,0,0
QuietPlaces app.,Apps,0,0
Receclip - Your Handy Receipts Organizer,Software,0,0
Crystal Chameleon Visual Novel,Video Games,1,1
Airborne Commander: SNAFU,Tabletop Games,1,1
Siracusa Shopping,Web,0,0
Erase All Kittens - A game that inspires girls to code,Mobile Games,1,1
NeuroBytes: Electronic Neuron Simulators,Hardware,1,1
Da Share Z0ne: THE DEVIL'S LEVEL Card Game,Tabletop Games,1,1
Challenge Accepted - Inspired by the meme and Barney Stinson,Tabletop Games,0,0
Annihilation,Video Games,0,0
2.8x MacBook Battery Case,Technology,0,0
Comet over Echo Rock a 5th edition adventure level 2-4,Tabletop Games,1,1
Convictions: A Card Game,Tabletop Games,0,0
Harem Playing Cards,Playing Cards,0,0
Floral Hummingbird Playing Cards,Playing Cards,0,0
Adelaide console gaming competition,Live Games,0,0
Complete Craftworks - Dice Masters Storage Box,Gaming Hardware,0,0
BrainPlus: Smart EEG Device for Your Better Brain 2,Technology,1,1
Elder-Forge tier 1,Tabletop Games,1,1
CDN Handmade Marketplace,Web,0,0
LJ Project - See the music feel the light,Sound,0,0
Saving Princess Maya Ep. 1 - Episodic VR Adventure Game,Video Games,1,1
Solaris: Aisling,Video Games,0,0
HexT - 3D printable RPG / Battlefield Modular Terrain Tiles,Tabletop Games,1,1
SANTA'S magical Christmas Sleigh - A New Game for the NES,Video Games,0,0
AKITA | Instant Privacy for Smart Homes,Hardware,1,1
Hammered Heroes - Standard Edition,Tabletop Games,1,1
RocketTech Podcast: SpaceX NASA Blue Origin ULA,Sound,0,0
AMS Athlete Management Software,Software,0,0
CreekKoolerâ„¢ Pup: The First 15-QT Tow-Behind Floating Cooler,Hardware,0,0
Arcane Scrollworks: First Level Spell Scrolls,Tabletop Games,1,1
Perfect Ten,Mobile Games,0,0
Intermezzo: Tessellation Playing Cards,Playing Cards,1,1
The Seven Deadly Trials I: The Unknown,Video Games,0,0
loquilove | language learning app with a good cause,Apps,0,0
Knight Raid Board Game,Tabletop Games,1,1
Super Ghosts 'n... Ghosts? A 2D Side-Scrolling Shoot 'Em Up Game for XBOX 360 & PC,0,1,1
Poly - Bio and Easy 3D Printer,3D Printing,0,0
The Drag and Drop cookbook for Game Maker 2,Games,0,0
Turba: Indie music/puzzle game,0,1,1
TAG - 28mm Ultra Modern Horror Miniatures,Tabletop Games,0,0
Oak Barrel Fermentation and Aging Under Pressure,Technology,0,0
Four Paws Pet Prosthetics,3D Printing,0,0
SIMA the most friendly and accessible social robot for kids,Robots,1,1
13 3D PRINTABLE VILLAINS for TABLETOP GAMING 28/32mm Minis,Tabletop Games,1,1
Session - Skateboarding simulation game by crea-ture Studios,Video Games,1,1
DraftMLS 2018 Fantasy Soccer Season,Games,0,0
Blood And Dust,Video Games,0,0
AITC,Video Games,0,0
Lazy Loads,Apps,0,0
Monsters!! - An Original Card Game,Playing Cards,0,0
CryptoBoard: An Ethereum based message pinboard,Web,0,0
PopChart Family for Parents & Kids,Video Games,0,0
ClaireÂ®: New World of Advertising,Technology,0,0
Ancient Apocalypse,Video Games,0,0
Team Robo Titans advances to the 2018 FLL World Championship,Robots,0,0
Vector Born,Video Games,0,0
A-List Hero! Teens Help Empower Ripple Opportunities,Mobile Games,0,0
Postcard Dungeons,Tabletop Games,1,1
Pain Pages - Escape from the Book,Tabletop Games,0,0
Havela First Person Virtual Reality Game,Video Games,0,0
KeRnVPN - be safe!,Technology,0,0
ELFSOM - Unleash your MAX brain power in Elves Battles!,Tabletop Games,0,0
Meal With It Food Waste App,Software,1,0
Solar Ace - Outbound,Live Games,0,0
Kaskade X Project Favela,Technology,1,1
JukeBox,Software,0,0
FATESLAYER,Tabletop Games,1,1
OW Forge,Games,0,0
Atlantis Miniatures: Mythology,Tabletop Games,1,1
Custom Games,Video Games,0,0
SUSTAIN SPORT Heated Scarf -- The warmest Scarf in the world,Wearables,1,1
IPTalker video IP intercom with raspberry PI,DIY Electronics,0,0
The e-recite,Technology,0,0
Skateboard Surf Adapter,Hardware,1,1
Quest Doges,Video Games,0,0
Dice Coins 3D d20,Tabletop Games,1,1
HUBYWOKY: Le commencement,Tabletop Games,1,1
Last Warrior VR,Video Games,0,0
Socket Lock - iPhone/iPad Charging Cable Wall Lock,Gadgets,0,0
Tavern-Bornâ„¢: Raghaven Hamlet - 3D Printable 28mm Terrain,Tabletop Games,1,1
Web service for automatically monitoring webpages,Software,0,0
Last Blood,Tabletop Games,0,0
Antstand | Worlds most portable bamboo laptop stand,Hardware,1,1
SunDancer Hybrid Solar/ Biomass Power,Technology,0,0
Jason Must Live,Tabletop Games,0,0
Epic Soccer Chess,Tabletop Games,0,0
Meeting Point Sports app,Apps,0,0
SHOTMORE! The Party Game That Offers More... Shots,Playing Cards,0,0
Destiny of blood,Video Games,0,0
Gameception,Video Games,0,0
Noises At Night,Tabletop Games,1,1
Bears Ears Edutainment App,Apps,0,0
Triplanetary - The Classic Game of Space Combat,Games,1,1
Seasoned Swine Card Game,Playing Cards,0,0
Runes of Ragnarok - A Game of Dice Combat and Strategy,Tabletop Games,0,0
SLIDE-R: The world's first premium connected surfboard,Technology,0,0
Aventuria Compendium - The Dark Eye RPG,Tabletop Games,1,1
Friendly Felines Custom Playing Cards Poker Size Deck USPCC,Playing Cards,1,1
Learn State-of-the-Art Programming using Go,Web,0,0
The Path of Osiris Extended: Egyptian Dungeon Game Tiles,Tabletop Games,1,1
Rouge Playing Cards,Playing Cards,0,0
Aurora: The lost Medallion,Video Games,0,0
OrkDugOut Fantasy Football Ork Display,Games,1,1
TradeBookz,Apps,0,0
Restore Coral: Virtual Reality for Environmental Awareness,Technology,0,0
Compute For Cancer,Technology,1,1
GrayOrchid.com - Redefining Penny Auctions!,Web,0,0
Start-X: Smart Phone Remote Starter No Monthly Fees.,Technology,0,0
2TheTable:Increase Your Personal Buy Black Transactions Ph.1,Apps,0,0
Bicycle - Wild West Playing Cards,Playing Cards,1,1
RPG - Castles & Crusades Monsters & Treasures,Tabletop Games,1,1
Introducing Entertainment 3.0,Technology,0,0
The Nostalgic Teens and Adult Playground,Games,0,0
Make 100 Masterpieces: The Painter's Playground,Video Games,0,0
Highlander: The Board Game,Tabletop Games,1,1
da-noo | Match & Learn,Tabletop Games,0,0
Halfling Borderlands 28mm Miniatures White Metal Fantasy,Tabletop Games,1,1
Gigstreamer: A Booking Time Saver,Web,0,0
nolonger,Apps,0,0
Alwin,Video Games,0,0
Ultimate Fishing Simulator,Video Games,1,1
Let's Egg Trump,Games,0,0
FlexTale Encounter Generator GM Toolkit (Pathfinder / 5E),Tabletop Games,1,1
Travel all over Japan and learn Japanese without effort,Tabletop Games,0,0
Desire Deck - Erotic Card Game for Couples,Playing Cards,1,1
Help Us Produce Our Next Story-Game!,Video Games,1,1
AURA Band â€” Know your body composition and hydration level,Wearables,0,0
Electronic Multi Box your online butler,Gadgets,0,0
Gamebox,Tabletop Games,0,0
Last One In A Modular Zombie Card Game,Tabletop Games,0,0
Mission: Kepler - Open world Sci-fi FPS,Games,0,0
Wavix Revolutionary Earplugs,Gadgets,0,0
Fam-it: A Safer Camera to Bring Your Family Closer,Gadgets,1,0
Mesmerize Playing Cards,Playing Cards,0,0
NEW Prime XL Photo Booth,Camera Equipment,0,0
The Bootiful Game Website,Web,0,0
Summoning,Tabletop Games,0,0
Chambers,Video Games,0,0
42 Days: The Journey Out of Homelessness,Tabletop Games,0,0
The Little Buddy Talker - Arduino Compatible Speech Chip Set,DIY Electronics,1,1
Fantasy Inspired Dice Towers,Games,1,1
Darklands: Starter Hosts II,Tabletop Games,1,1
Printable scifi structures STL file pack for tabletop gaming,Tabletop Games,1,1
Seeker RPG system and Isles fo Imara setting,Tabletop Games,0,0
ASSIST,Technology,0,0
Zombie Defense iPhone App,0,1,1
The Scarlet Pimpernel: Signature Edition,Tabletop Games,1,1
Fields of Eleria,Tabletop Games,0,0
Santa CHAOS - Magnetic modular miniatures Fantasy Football,Tabletop Games,1,1
Mouse Adventure by Cartoon Miniatures,Tabletop Games,1,1
Consulting Marketplace and Community,Web,0,0
What To Do?,Web,0,0
Board Game Bowls upgraded,Tabletop Games,1,1
RPG Fantasy Map Compendium,Tabletop Games,1,1
UpUpped,Apps,0,0
Collusion card game,Playing Cards,0,0
PARTY CHRISTMAS CRACKERS!,Tabletop Games,0,0
Beru - Simple Home Security for Homes and Apartments,Hardware,0,0
Pokemon Card Lighter Series 2,Video Games,0,0
Litterati - A Mobile App to Track & Reduce Litter,Software,1,1
The Midderlands Expanded - An OSR Setting Expansion,Tabletop Games,1,1
Orbit UT - The first of its kind portable Smart Table.,Gadgets,0,0
Path of the Black Flag Anarchist RPG Supplement,Tabletop Games,0,0
sMail - Not just mail!,Software,0,0
Wild Mage - Phantom Twilight,Video Games,0,0
MagRelief: Magnetic Receptive 3D Skin for Gamers,Tabletop Games,0,0
SHARK TOOTH DRYWALL CLIPS,Hardware,0,0
The Shame Game,Tabletop Games,0,0
Trade And War - Ancient Mediterranean,Tabletop Games,0,0
The Widow's Tear: Cosmic Horror For Starfinder (Revised),Tabletop Games,1,1
ANDice - The World's First Series of Ancient Numerical Dice,Tabletop Games,1,1
Dick In A Box,Games,0,0
HE-Eyes (Ceinture de dÃ©tÃ©ction pour les aveugles/malvoyants),Wearables,0,0
The New Adventures of the Monkey God,Video Games,0,0
APPiLL - Smart Caregiver at your Service,Technology,0,0
Start-Up Costs for Space Freighter and Lunar Runway Design,Space Exploration,0,0
ArduinoPixed - USB Hub and Arduino for Pi Zero,Technology,1,1
The ultimatelightweight bullet proof laptop case ever made,Technology,0,0
VITAL HEARTS: Isekai Tabletop Role-Play in Augmented Reality,Tabletop Games,1,1
The Book of Contemporary Magical Places,Tabletop Games,1,1
Precision Voltage Reference,DIY Electronics,1,1
SaintUs - Ein neuartiges soziales Netzwerk,Web,0,0
Fantasy Football Bret and humans Norba Miniatures,Tabletop Games,1,1
Have more time to Enjoy Your Life with Corelike,Web,0,0
JANX: A game of misgivings & poaching presents,Tabletop Games,1,1
Nebula - Rock Saber Fur (Card Game),Playing Cards,1,1
Freestyler,Live Games,0,0
HubSerialixed - USB Hub + UART for Pi Zero W,Technology,1,1
THE TRAVELER DICE TOWER - Custom Options + Storage!,Tabletop Games,1,1
Dragon's Breath Laser Bases,Gaming Hardware,0,0
Parking Mate App,Apps,0,0
SpeeDrone Fly or Die - Drone racing card game,Playing Cards,0,0
Communism: The Board Game,Tabletop Games,0,0
eelo a mobile OS and web-services in the public interest,Software,1,1
Chronicles of Frost,Tabletop Games,1,1
Lunch Time Legends - Happy Hour,Tabletop Games,0,0
Scenic Flock and Basing Materials,Tabletop Games,1,1
Oh Cluck! - The Barnyard Brawl,Tabletop Games,0,0
Colosseum: Rise to Power,Tabletop Games,0,0
MATONDO,Technology,0,0
R-Cab Retro Arcade Cabinet,Games,0,0
Civics in Chaos: An infuriatingly fun game of civic survival,Tabletop Games,1,1
SkullPirates - A piratey action-RPG,Video Games,1,1
Rotate â€“ Professional Virtual Aviation Network,Video Games,0,0
Generominos: Ideation Cards for Interactive Art,Playing Cards,1,1
Start-X: Smart Phone Remote Starter No Monthly Fees,Technology,1,0
Echidna Shuffle Relaunch,Tabletop Games,1,1
Omo I,Games,0,0
3-Dapter - untangle your life - Spacesaving and Aesthetic,Gadgets,1,1
Invoicing Trump and Congress in Advance for Damages,Web,0,0
Troika! Initiative Cards,Tabletop Games,1,1
"HeyTutor - \""The AirBnB for Tutoring\""",Web,0,0
PocketLab Air: Measure What's in Your Air,Gadgets,1,1
Website For All Things Drone,Robots,0,0
NESmaker - Make NES Games. No coding required.,Video Games,1,1
Challenge 13,Tabletop Games,0,0
Nightbloom Gardens - Deathwish,Mobile Games,0,0
Epic Monster Tea Party,Tabletop Games,1,1
Vibrasling The WorldÂ´s First Sling-Trainer With Vibration,Gadgets,0,0
OpenLitterMap.com - A Game to Open Data on Plastic Pollution,Software,0,0
Die App fÃ¼r Angler,Apps,0,0
Life is Hard - The Multiplayer Roleplay Game,Video Games,0,0
KidCare - Child Care Search App,Apps,0,0
Oh Fruck!,Tabletop Games,1,1
Battles Of Bloria Card Game: Monsters VS Millennials,Tabletop Games,0,0
Dead Sprint,Tabletop Games,0,0
Gunfighter's Ball Wild West Miniatures Game,Tabletop Games,1,1
Dice Odyssey - Dice Strategy Meets RPG Adventure!,Games,0,0
Gibellini Film Holders,Camera Equipment,1,1
Memory Palace,Mobile Games,0,0
Ambition: A Minuet in Power,Video Games,1,1
WOOD ELF TEAM by WILLY MINIATURES,Tabletop Games,1,1
MagneTronz Magnetic Spinners,Gadgets,0,0
Teacup Puppies Mobile App Game,Mobile Games,0,0
Fiend and Girl,Video Games,0,0
MUSE FINE ART PLAYING CARDS,Playing Cards,1,1
Nemo's War: Nautilus Upgrades Expansion + Reprint,Tabletop Games,1,1
OverDrive X,Video Games,0,0
Crashword,Video Games,0,0
Dress'd is a social network for sharing outfit pictures.,Apps,0,0
Pirate Paste Bicycle Sealant,Technology,0,0
StoneFlower: Ceramic 3D Printing KIT,3D Printing,1,1
Iron Legend - Birth of a Hero,Video Games,0,0
Send Karma - Make the World a Better Place,Apps,0,0
Red's Fly Dry,Technology,1,1
World's 2nd Wi-Fi Internet Radio with Chromecast built-in,Technology,1,1
Dawn Drop - Visual novel - Revival!,Video Games,0,0
Battle Star Trilogy: Trek Wars,Tabletop Games,1,1
"\""Mise\"" a browser tailored for Industry.",Apps,0,0
Tool Steel Metal Dice - The Strongest Dice Ever Made!,Tabletop Games,1,1
Border Tensions: Series 2! WildCats Demons Sprites Pandas,Tabletop Games,0,0
Lightweight Ped-AL-board 13 Protype,Hardware,0,0
Make TV Shows Great Again,Apps,1,1
YouthWorks,Apps,0,0
PLUTO - The world's smallest high-quality 3D Printer,3D Printing,1,1
FOREO UFO: Beauty Tech Revolutionizes Face Masks in 90 Sec!,Hardware,1,1
Knockrz - Every motorcycle needs a set!,Gadgets,0,0
Space Corridor Battle Terrain,Tabletop Games,0,0
Tumultum - the ultumate brain game,Puzzles,0,0
Truth or Conspiracy,Playing Cards,0,0
BB Track - Electrical and autonomous assistance module,Hardware,0,0
The Player 2 Guildhall: a BYOB clubhouse for nerds.,Live Games,1,1
OpenVR-WalkInPlace,Software,1,0
The End - Youâ€™re a fox in a cyberpunk world.,Video Games,1,1
Tornado Gloves: MIDI DJ VJ Vocal Game CAD Controller.,Gadgets,0,0
Chronicle X by Archon Studio,Tabletop Games,1,1
RUN-IT APP,Technology,0,0
US National Politics,Web,1,0
Bit Band,Video Games,0,0
Fully Custom Printed LEGO Figures,Games,0,0
Learn how to build an iPhone App easily and quickly,Apps,0,0
The first solar drone to cross the Atlantic,Flight,0,0
Boingkidâ„¢,Video Games,0,0
What'cha Wearin' | A Fashion App | Stress Free Dressing,Apps,0,0
CarPo - Long distance ride sharing app for college students,Apps,0,0
MARIJUANA MOGUL: A high-stakes card game for adults,Tabletop Games,0,0
MoodyCritic - The Best Way to Review Movies,Web,0,0
Leo Deck of Playing Cards,Playing Cards,1,1
dismixed | distill for everyone,Gadgets,1,1
28mm Modern African Wargames Terrain Wild Geese,Tabletop Games,1,1
Cock Block,Tabletop Games,0,0
Dungeons & Dragons 5E Location Module: Sylvanhome,Tabletop Games,1,1
Application: Travel Go With Me,Apps,0,0
FantaF1,Mobile Games,0,0
Kids STEM Center & Bitcoin/Crypto & Professional Development,Makerspaces,0,0
Dr DieFooKoo And The Chaos Of Time!,Mobile Games,0,0
starbowl revival miniatures for Fantasy Football,Tabletop Games,1,1
Dicetopia,Tabletop Games,1,1
Endurance: A Board Game,Tabletop Games,0,0
Pre-Heat adult game mobile app,Mobile Games,0,0
A-Sync Rpg game for PC 1â‚¬ full game download,Video Games,0,0
EVERETTE HARTSOE'S RAZOR Playing Cards Limited to 300 Decks,Playing Cards,1,1
12 R.A.G.S. Team 3-D /Video Game App Project,Video Games,0,0
Goodbye Ghosts,Tabletop Games,1,1
Downfall: 2035 Operation Sandstone,Video Games,0,0
The Cold Case of Noella Bejerot,Video Games,1,1
Migoâ€”A Portable Internet-enabled 3D Printer,3D Printing,1,1
LOBEBEATZ The first ever Wireless gauged speaker earrings,Sound,0,0
Codey Rocky: Your new coding companion,Technology,1,1
UNICORNS AND ZOMBIES,Tabletop Games,0,0
Lithia: Rise Of The Dragon,Games,0,0
MIRAGE: A Feature-Packed Delay Pedal by RedShift Effects,Sound,1,1
Texts From Hell - A Party Game for the Living Damned!!!,Tabletop Games,0,0
Evolve Ages Game,Video Games,0,0
Elinor. The Deserted Valley,Tabletop Games,1,1
NASCAR #7 Races on with AZ Foster Kids,Mobile Games,0,0
Stay Together with LocateMotion,Wearables,0,0
Vacation Personal Care Services by CSG,Web,0,0
Ultimate NPCs: Warfare for 5th Edition,Tabletop Games,1,1
Shanty Town The Kickstarter Project,Tabletop Games,1,1
"VidLyfe - brought to you by Discover Lyfe -\"" The Super App\""",Apps,0,0
Articulated Heat-gun Holder,Fabrication Tools,0,0
Masque of the Red Death,Tabletop Games,1,1
BADGIRL ARTWORK POKER DECK VOLUME ONE,Playing Cards,1,1
Corgi Nation,Video Games,0,0
A new model for the study of cell division,Technology,0,0
